tmID,Playoff
ATL,0.25109768
CHI,0.05923428
CON,0.73369604
IND,0.99373335
LAS,0.9969896
MIN,0.84523636
NYL,0.8941573
PHO,0.8942403
SAS,0.99431324
SEA,0.9815074
TUL,0.0033199214
WAS,0.61209357