tmID,Playoff
ATL,0.50713235
CHI,0.056074403
CON,0.15914011
IND,0.9837316
LAS,0.99632615
MIN,0.95191014
NYL,0.23210102
PHO,0.71788085
SAS,0.96347123
SEA,0.69185936
TUL,0.05096203
WAS,0.5746472
