Team,Playoff_Prediction,Playoff_Probability
LAS,1,0.9999026
SAS,1,0.9991948
WAS,1,0.9950132
ATL,1,0.9906651
MIN,1,0.98810565
PHO,1,0.9808677
IND,1,0.965461
CON,1,0.95880854
SEA,1,0.94556206
NYL,1,0.89610153
CHI,0,0.005338481
TUL,0,0.0027138856
