Team,Playoff_Prediction,Playoff_Probability
LAS,1,0.9996679
SAS,1,0.9996327
WAS,1,0.9967104
PHO,1,0.99207485
CON,1,0.9899373
MIN,1,0.9239027
NYL,1,0.89193904
SEA,1,0.87567586
ATL,1,0.8403081
IND,1,0.83955425
TUL,0,0.0010857453
CHI,0,0.0009028032
