Team,Playoff_Prediction,Playoff_Probability
LAS,1,0.9998888
SAS,1,0.9996327
WAS,1,0.98870546
CON,1,0.9721896
SEA,1,0.94994444
PHO,1,0.94803596
IND,1,0.93131286
NYL,1,0.81671286
ATL,1,0.6646552
MIN,1,0.5103431
TUL,0,0.01984458
CHI,0,0.0007661391
